Entity,Code,Year,GDP per capita,Unemployment Rate (%),Annual COâ‚‚ emissions (per capita),Period life expectancy at birth
Afghanistan,AFG,2018,1888.814,11.196,0.27737236,62.4434
Afghanistan,AFG,2019,2031.7373,11.185,0.27472728,62.9411
Afghanistan,AFG,2020,1928.4547,11.71,0.28458965,61.4537
Afghanistan,AFG,2021,1485.547,11.994,0.2467185,60.4174
Afghanistan,AFG,2022,1357.9878,14.1,0.25062045,65.617
Albania,ALB,2018,11426.92,12.304,1.7949029,79.2377
Albania,ALB,2019,11715.307,11.466,1.7124815,79.4669
Albania,ALB,2020,11372.541,11.69,1.6939825,77.8241
Albania,ALB,2021,12455.917,11.474,1.802687,76.8442
Albania,ALB,2022,12978.101,10.137,1.5908402,78.7688
Algeria,DZA,2018,14083.772,12.137,4.104483,75.5554
Algeria,DZA,2019,14000.279,12.259,4.2135787,75.6818
Algeria,DZA,2020,13086.293,14.057,3.8857946,73.2568
Algeria,DZA,2021,13337.262,13.63,4.0668306,75.2077
Algeria,DZA,2022,13506.444,12.346,4.238998,76.1289
Angola,AGO,2018,7180.3555,16.594,0.7437751,62.6219
Angola,AGO,2019,6886.954,16.497,0.6860121,63.0511
Angola,AGO,2020,6279.929,16.69,0.49473175,63.1164
Angola,AGO,2021,6137.004,15.799,0.5565367,62.9581
Angola,AGO,2022,6118.905,14.602,0.59180546,64.2455
Argentina,ARG,2018,18460.87,9.22,4.0865293,76.7698
Argentina,ARG,2019,17912.637,9.843,4.011869,76.8475
Argentina,ARG,2020,15975.839,11.461,3.6425223,75.8781
Argentina,ARG,2021,17470.682,8.736,4.1974697,73.9485
Argentina,ARG,2022,18292.318,6.805,4.047052,75.8061
Armenia,ARM,2018,11490.369,18.966,2.000749,74.9783
Armenia,ARM,2019,12399.231,18.304,2.1639683,75.1931
Armenia,ARM,2020,11546.176,18.175,2.3505504,68.8898
Armenia,ARM,2021,12242.478,15.469,2.5609183,72.5524
Armenia,ARM,2022,13837.577,13.379,2.6723685,74.6333
Australia,AUS,2018,49614.387,5.3,16.512163,83.2582
Australia,AUS,2019,49814.67,5.159,16.28262,83.2412
Australia,AUS,2020,48268.945,6.456,15.481285,83.6639
Australia,AUS,2021,50704.934,5.116,14.96633,83.564
Australia,AUS,2022,52049.43,3.728,14.65893,82.7662
Austria,AUT,2018,43032.215,4.933,7.5287404,81.6859
Austria,AUT,2019,43488.668,4.56,7.651411,81.9072
Austria,AUT,2020,40503.04,5.201,6.969737,81.8037
Austria,AUT,2021,42184.695,6.459,7.3325477,81.8204
Austria,AUT,2022,43792.855,4.992,6.779517,81.2959
Azerbaijan,AZE,2018,16753.209,4.9,3.4439225,73.0156
Azerbaijan,AZE,2019,17029.906,5.0,3.734001,73.29
Azerbaijan,AZE,2020,16189.511,7.24,3.559036,70.3116
Azerbaijan,AZE,2021,16971.725,6.04,3.7422564,70.9994
Azerbaijan,AZE,2022,17682.94,5.65,3.999354,74.125
Bahrain,BHR,2018,39501.176,1.2,21.83343,80.4118
Bahrain,BHR,2019,39499.707,1.223,25.319227,80.4706
Bahrain,BHR,2020,36890.504,1.781,25.23751,78.6833
Bahrain,BHR,2021,37323.105,1.541,24.148386,78.0826
Bahrain,BHR,2022,38651.6,1.326,24.66764,80.9921
Bangladesh,BGD,2018,4056.6465,4.407,0.52963835,72.1217
Bangladesh,BGD,2019,4242.7515,4.441,0.57489496,72.6254
Bangladesh,BGD,2020,4418.9644,5.436,0.5756478,71.4211
Bangladesh,BGD,2021,4684.003,5.327,0.58768314,71.1035
Bangladesh,BGD,2022,4925.721,4.593,0.6030491,74.2647
Barbados,BRB,2018,12029.747,8.322,5.154179,76.3784
Barbados,BRB,2019,12040.277,8.412,4.949633,76.4951
Barbados,BRB,2020,10487.387,9.777,4.456891,76.6465
Barbados,BRB,2021,10386.526,9.433,4.2179356,76.5797
Barbados,BRB,2022,11545.848,8.365,4.6577086,75.6761
Belarus,BLR,2018,18809.494,4.763,6.558066,74.3344
Belarus,BLR,2019,19130.395,4.165,6.5890727,74.2555
Belarus,BLR,2020,19053.156,4.049,6.322667,72.269
Belarus,BLR,2021,19541.914,3.9,6.5786033,72.2206
Belarus,BLR,2022,18699.799,3.574,6.226867,74.3612
Belgium,BEL,2018,40471.914,5.941,8.772404,81.4805
Belgium,BEL,2019,41155.527,5.364,8.685232,81.8353
Belgium,BEL,2020,38763.44,5.545,7.9076037,80.7977
Belgium,BEL,2021,40970.805,6.248,8.204076,81.6591
Belgium,BEL,2022,41872.395,5.57,7.6375527,81.1589
Benin,BEN,2018,2192.261,1.41,0.45774767,59.7097
Benin,BEN,2019,2276.1038,1.214,0.41429225,59.8875
Benin,BEN,2020,2297.7698,1.502,0.42393637,60.154
Benin,BEN,2021,2395.1663,1.779,0.43283412,59.6103
Benin,BEN,2022,2477.0903,1.685,0.44276863,60.4751
Bolivia,BOL,2018,6679.4385,3.519,1.9558697,67.6992
Bolivia,BOL,2019,6730.809,3.682,1.9371525,67.8198
Bolivia,BOL,2020,6062.065,7.903,1.5504168,62.906
Bolivia,BOL,2021,6355.615,5.089,1.8234005,61.4268
Bolivia,BOL,2022,6481.3906,3.552,1.9448458,67.4342
Bosnia and Herzegovina,BIH,2018,10718.778,18.4,6.5186605,77.9425
Bosnia and Herzegovina,BIH,2019,11048.235,15.692,6.2203493,77.3939
Bosnia and Herzegovina,BIH,2020,10736.168,15.868,6.31391,76.0395
Bosnia and Herzegovina,BIH,2021,11553.761,14.897,6.554153,74.5673
Bosnia and Herzegovina,BIH,2022,12142.863,12.657,6.4724236,76.7772
Botswana,BWA,2018,15515.622,19.681,3.324487,66.3709
Botswana,BWA,2019,15747.324,20.094,3.209815,67.1668
Botswana,BWA,2020,14162.686,21.017,2.617259,67.6426
Botswana,BWA,2021,15612.078,23.106,2.782961,63.3025
Botswana,BWA,2022,16351.91,23.615,3.0311775,68.7487
Brazil,BRA,2018,14197.55,12.329,2.3123908,75.6335
Brazil,BRA,2019,14257.871,11.936,2.2979572,75.8093
Brazil,BRA,2020,13685.926,13.697,2.1470218,74.5058
Brazil,BRA,2021,14292.936,13.158,2.3696554,73.0377
Brazil,BRA,2022,14640.076,9.231,2.2826612,74.8719
Bulgaria,BGR,2018,17982.424,5.211,6.192869,74.9325
Bulgaria,BGR,2019,18840.764,4.23,6.0490556,75.0874
Bulgaria,BGR,2020,18203.832,5.125,5.274422,73.5992
Bulgaria,BGR,2021,19753.994,5.267,6.1601954,71.4137
Bulgaria,BGR,2022,20592.455,4.268,6.8755846,74.0342
Burkina Faso,BFA,2018,1605.3588,4.695,0.25570858,59.9719
Burkina Faso,BFA,2019,1651.1173,4.71,0.2680103,60.1842
Burkina Faso,BFA,2020,1638.8279,5.04,0.26156566,60.4536
Burkina Faso,BFA,2021,1706.9633,5.2,0.28773117,60.0463
Burkina Faso,BFA,2022,1704.966,5.389,0.29064742,60.7
Burundi,BDI,2018,730.9046,1.146,0.054395214,61.8065
Burundi,BDI,2019,738.9831,1.043,0.055907715,62.1801
Burundi,BDI,2020,720.446,1.03,0.05860566,62.5694
Burundi,BDI,2021,723.1921,1.118,0.05951778,62.1013
Burundi,BDI,2022,717.22845,0.915,0.06587466,62.8819
Cambodia,KHM,2018,3692.43,0.13,0.8564005,69.9935
Cambodia,KHM,2019,3896.7979,0.119,1.1301459,70.1267
Cambodia,KHM,2020,3728.1985,0.172,1.2550187,70.0594
Cambodia,KHM,2021,3796.4844,0.396,1.223931,69.3012
Cambodia,KHM,2022,3944.2468,0.231,1.2129679,70.528
Cameroon,CMR,2018,2815.3162,3.601,0.3968279,61.1888
Cameroon,CMR,2019,2832.0767,3.622,0.37658802,61.6952
Cameroon,CMR,2020,2769.2869,3.87,0.3707004,61.6738
Cameroon,CMR,2021,2791.79,3.973,0.36162904,61.1463
Cameroon,CMR,2022,2812.2148,3.653,0.3543776,62.4428
Canada,CAN,2018,45087.887,5.837,15.420052,81.9247
Canada,CAN,2019,45284.215,5.69,15.324565,82.2848
Canada,CAN,2020,42493.63,9.657,13.732821,81.6536
Canada,CAN,2021,44379.594,7.527,13.977163,81.976
Canada,CAN,2022,45529.645,5.279,14.107159,81.2493
Cape Verde,CPV,2018,6848.757,12.17,1.1132917,74.8397
Cape Verde,CPV,2019,7297.2793,12.128,1.225809,75.4486
Cape Verde,CPV,2020,5831.9985,14.69,1.0108902,73.8177
Cape Verde,CPV,2021,6173.23,13.976,1.1417755,74.4235
Cape Verde,CPV,2022,7202.767,12.246,1.1498797,75.9068
Central African Republic,CAF,2018,619.18744,5.517,0.05557588,52.2973
Central African Republic,CAF,2019,623.5598,5.607,0.06298451,31.5302
Central African Republic,CAF,2020,613.78937,6.196,0.06633153,50.5959
Central African Republic,CAF,2021,606.85913,6.375,0.07167305,40.2791
Central African Republic,CAF,2022,596.393,5.956,0.07402691,18.8177
Chad,TCD,2018,1541.4716,1.135,0.14752606,52.4467
Chad,TCD,2019,1543.8029,1.084,0.13783364,52.9927
Chad,TCD,2020,1463.5312,1.707,0.13680632,53.0818
Chad,TCD,2021,1402.6732,1.548,0.14977008,53.1362
Chad,TCD,2022,1393.5635,1.096,0.15173951,54.5275
Chile,CHL,2018,22175.664,7.623,4.469476,80.5594
Chile,CHL,2019,21924.408,7.493,4.7910333,80.3243
Chile,CHL,2020,20205.87,10.934,4.1391664,79.3488
Chile,CHL,2021,22324.96,9.281,4.298362,78.8764
Chile,CHL,2022,22740.72,8.249,4.385191,79.1762
China,CHN,2018,15977.008,4.31,7.2915606,77.709
China,CHN,2019,16879.54,4.56,7.5260706,77.9396
China,CHN,2020,17225.969,5.0,7.64075,78.0191
China,CHN,2021,18666.605,4.55,7.910899,78.1166
China,CHN,2022,19238.18,4.98,8.217776,78.2021
Colombia,COL,2018,13485.702,9.36,1.8523545,76.5791
Colombia,COL,2019,13603.993,10.28,1.9828873,76.7927
Colombia,COL,2020,12377.135,15.983,1.8231317,74.7565
Colombia,COL,2021,13553.399,13.898,2.0265136,72.6983
Colombia,COL,2022,14468.964,10.547,1.7286528,76.5081
Comoros,COM,2018,1801.6912,3.942,0.37039024,65.4009
Comoros,COM,2019,1832.4357,3.934,0.39594093,65.6622
Comoros,COM,2020,1869.9441,4.471,0.4613275,65.7559
Comoros,COM,2021,1886.0608,4.394,0.60904104,65.2009
Comoros,COM,2022,1900.3983,3.816,0.63734925,66.4806
Congo,COG,2018,4637.726,20.701,1.193601,64.472
Congo,COG,2019,4583.337,20.392,1.2985657,63.1523
Congo,COG,2020,4203.1104,22.198,1.334534,64.3907
Congo,COG,2021,4168.0244,21.96,1.2546886,64.1918
Congo,COG,2022,4187.507,20.108,1.446125,65.0003
Costa Rica,CRI,2018,14583.144,9.01,1.6069579,80.0896
Costa Rica,CRI,2019,14775.292,10.807,1.5322173,80.2963
Costa Rica,CRI,2020,13996.39,16.432,1.3416045,79.7252
Costa Rica,CRI,2021,14931.956,15.139,1.5149114,78.0501
Costa Rica,CRI,2022,15496.82,11.325,1.5762514,79.3164
Cote d'Ivoire,CIV,2018,3497.8928,2.85,0.37922856,59.7946
Cote d'Ivoire,CIV,2019,3703.0876,2.401,0.37380695,60.2741
Cote d'Ivoire,CIV,2020,3682.1353,2.584,0.38106292,60.1397
Cote d'Ivoire,CIV,2021,3853.1626,2.63,0.46106416,60.2897
Cote d'Ivoire,CIV,2022,4011.7122,2.306,0.47719425,61.5622
Croatia,HRV,2018,22678.035,8.432,4.396296,77.8654
Croatia,HRV,2019,23590.277,6.617,4.470374,78.197
Croatia,HRV,2020,21672.479,7.507,4.2666397,77.4972
Croatia,HRV,2021,25059.947,7.608,4.4343224,77.1412
Croatia,HRV,2022,26986.752,6.96,4.500902,78.2779
Cuba,CUB,2018,8262.988,1.7,2.050346,77.4259
Cuba,CUB,2019,8257.785,1.705,2.00725,77.4133
Cuba,CUB,2020,7364.1055,2.24,1.9040953,77.4075
Cuba,CUB,2021,7485.821,2.116,2.0273802,73.2006
Cuba,CUB,2022,7648.704,1.82,2.1029758,77.6291
Cyprus,CYP,2018,29089.975,8.504,5.763717,81.5558
Cyprus,CYP,2019,30284.795,7.155,5.692592,81.4543
Cyprus,CYP,2020,28634.457,7.755,5.300958,81.2302
Cyprus,CYP,2021,30252.326,7.513,5.2764926,80.5735
Cyprus,CYP,2022,31523.498,6.806,5.3108797,80.4337
Czechia,CZE,2018,31405.09,2.246,10.0789385,78.9612
Czechia,CZE,2019,32226.553,2.015,9.568804,79.1853
Czechia,CZE,2020,30365.37,2.55,8.688184,78.237
Czechia,CZE,2021,31452.557,2.803,9.175987,77.2342
Czechia,CZE,2022,32247.395,2.224,8.904502,79.1648
Democratic Republic of Congo,COD,2018,796.89246,4.618,0.04191342,59.9265
Democratic Republic of Congo,COD,2019,806.479,4.591,0.044305593,60.2425
Democratic Republic of Congo,COD,2020,794.2714,5.345,0.04484622,60.4283
Democratic Republic of Congo,COD,2021,817.43225,5.28,0.043290805,60.0444
Democratic Republic of Congo,COD,2022,844.172,4.522,0.057544336,60.9789
Denmark,DNK,2018,47717.457,5.131,5.973422,80.9909
Denmark,DNK,2019,48238.656,5.018,5.3228407,81.4343
Denmark,DNK,2020,47171.086,5.637,4.8528743,81.5458
Denmark,DNK,2021,49258.75,5.043,5.0545783,81.4363
Denmark,DNK,2022,50689.68,4.434,4.9288173,81.2906
Djibouti,DJI,2018,3308.117,26.184,0.43989566,64.1051
Djibouti,DJI,2019,3436.9502,26.256,0.49619916,64.3809
Djibouti,DJI,2020,3426.696,27.713,0.41898745,64.2001
Djibouti,DJI,2021,3541.5713,27.668,0.49731505,63.8301
Djibouti,DJI,2022,3623.0603,26.307,0.4840291,65.5402
Dominican Republic,DOM,2018,15944.744,5.861,2.337508,73.5553
Dominican Republic,DOM,2019,16587.236,6.356,2.6134562,73.1119
Dominican Republic,DOM,2020,15325.654,6.126,2.3825326,72.6358
Dominican Republic,DOM,2021,17046.646,7.702,2.6397047,71.7575
Dominican Republic,DOM,2022,17713.52,5.504,2.7802987,74.2108
Ecuador,ECU,2018,10716.904,3.53,2.2552624,77.2484
Ecuador,ECU,2019,10586.937,3.812,2.3115683,77.2862
Ecuador,ECU,2020,9646.065,6.127,1.8507442,72.0036
Ecuador,ECU,2021,9937.696,4.552,2.159484,72.7465
Ecuador,ECU,2022,10124.076,3.761,2.36007,76.5767
Egypt,EGY,2018,11895.312,9.855,2.2889705,70.9741
Egypt,EGY,2019,12300.201,7.851,2.1762276,71.2128
Egypt,EGY,2020,12234.504,7.974,2.2533324,69.7897
Egypt,EGY,2021,12868.262,7.441,2.4048865,68.9759
Egypt,EGY,2022,13205.406,7.344,2.2189891,71.0097
El Salvador,SLV,2018,8644.79,4.006,1.0373579,71.3836
El Salvador,SLV,2019,8849.834,4.17,1.2268993,71.7253
El Salvador,SLV,2020,8137.9746,5.008,0.98398876,70.2436
El Salvador,SLV,2021,9017.392,4.327,1.1152391,69.9414
El Salvador,SLV,2022,9218.905,2.999,1.2599217,71.9695
Equatorial Guinea,GNQ,2018,27353.846,7.967,4.351806,61.9151
Equatorial Guinea,GNQ,2019,25006.34,8.064,3.3012357,62.2965
Equatorial Guinea,GNQ,2020,23300.297,8.781,3.7224493,62.1408
Equatorial Guinea,GNQ,2021,22537.541,8.976,4.029795,62.4468
Equatorial Guinea,GNQ,2022,22707.22,8.455,4.1567073,63.3545
Estonia,EST,2018,27596.41,5.412,13.465254,78.3339
Estonia,EST,2019,28505.604,4.514,9.261298,78.7728
Estonia,EST,2020,28261.582,6.956,6.917664,78.8929
Estonia,EST,2021,30499.156,6.178,7.8024516,77.4095
Estonia,EST,2022,30067.395,5.571,8.863261,78.1674
Eswatini,SWZ,2018,8219.499,26.369,0.8682516,58.7072
Eswatini,SWZ,2019,8375.426,28.138,0.9316162,59.8496
Eswatini,SWZ,2020,8167.6895,32.944,0.8294222,59.8618
Eswatini,SWZ,2021,8725.725,34.153,0.819892,58.2284
Eswatini,SWZ,2022,8522.45,35.359,0.8435616,63.0283
Ethiopia,ETH,2018,1936.8275,2.802,0.14305523,65.2573
Ethiopia,ETH,2019,2030.6775,2.917,0.1484148,65.7413
Ethiopia,ETH,2020,2121.8591,3.994,0.14072774,65.9688
Ethiopia,ETH,2021,2190.6753,3.935,0.1466006,65.3299
Ethiopia,ETH,2022,2289.409,3.409,0.13526215,66.8971
Finland,FIN,2018,39430.906,7.361,8.291922,81.6265
Finland,FIN,2019,39874.8,6.695,7.686688,81.8643
Finland,FIN,2020,38871.703,7.759,6.82145,81.8219
Finland,FIN,2021,39977.855,7.617,6.825398,81.8137
Finland,FIN,2022,40701.465,6.719,6.5245185,81.2435
France,FRA,2018,38555.465,9.018,4.93138,82.5682
France,FRA,2019,39084.656,8.415,4.812466,82.7304
France,FRA,2020,35913.82,8.009,4.271517,82.1993
France,FRA,2021,38242.133,7.874,4.649748,82.3216
France,FRA,2022,39065.71,7.308,4.4555726,82.4753
Gabon,GAB,2018,16253.897,20.439,2.5147185,67.0426
Gabon,GAB,2019,16449.715,20.358,2.4726572,67.3369
Gabon,GAB,2020,15745.749,21.27,2.4266992,67.0725
Gabon,GAB,2021,15597.771,21.218,2.333091,67.0715
Gabon,GAB,2022,15720.901,20.399,2.3792052,67.713
Gambia,GMB,2018,1886.0532,4.127,0.27026132,64.0339
Gambia,GMB,2019,1952.326,4.538,0.2893204,64.4275
Gambia,GMB,2020,1914.1969,5.892,0.27817774,64.4183
Gambia,GMB,2021,1964.4937,6.269,0.2816257,63.8475
Gambia,GMB,2022,2010.5322,6.076,0.3064694,64.859
Georgia,GEO,2018,12035.715,12.667,2.6057036,73.9847
Georgia,GEO,2019,12631.664,11.565,2.770044,74.1649
Georgia,GEO,2020,11770.782,11.73,2.7341554,73.5094
Georgia,GEO,2021,12994.772,11.791,2.8375084,71.6353
Georgia,GEO,2022,14360.359,11.647,3.1622012,74.1409
Germany,DEU,2018,46377.39,3.384,9.101415,80.8747
Germany,DEU,2019,46761.945,3.163,8.480803,81.1893
Germany,DEU,2020,44996.43,3.881,7.738692,81.0036
Germany,DEU,2021,46159.05,3.594,8.100614,81.1059
Germany,DEU,2022,46647.793,3.12,7.942359,80.5796
Ghana,GHA,2018,3983.1216,3.253,0.49578497,64.1382
Ghana,GHA,2019,4143.3774,3.16,0.52513593,64.4554
Ghana,GHA,2020,4069.252,3.313,0.60098386,64.3089
Ghana,GHA,2021,4190.578,3.384,0.6321311,64.2862
Ghana,GHA,2022,4242.4106,3.084,0.6258142,65.246
Greece,GRC,2018,23403.611,19.179,6.6889496,81.4954
Greece,GRC,2019,23869.793,17.045,6.132932,81.3487
Greece,GRC,2020,21767.22,15.899,5.1944113,81.5361
Greece,GRC,2021,23732.201,14.656,5.4376464,80.5312
Greece,GRC,2022,25283.906,12.426,5.532692,79.9441
Guatemala,GTM,2018,7399.198,2.283,1.088612,71.4964
Guatemala,GTM,2019,7565.846,2.193,1.1259985,71.6394
Guatemala,GTM,2020,7309.368,2.955,0.98845255,69.9707
Guatemala,GTM,2021,7764.6963,2.174,1.1355486,67.8582
Guatemala,GTM,2022,7969.431,3.051,1.0596977,71.2064
Guinea,GIN,2018,1642.1047,4.787,0.29675895,59.0434
Guinea,GIN,2019,1690.8837,5.018,0.31487304,59.3785
Guinea,GIN,2020,1726.5083,6.018,0.331328,59.3499
Guinea,GIN,2021,1769.8623,5.827,0.29667225,59.3728
Guinea,GIN,2022,1809.2666,5.267,0.2883205,60.4316
Guinea-Bissau,GNB,2018,1511.8668,3.127,0.102933824,61.6516
Guinea-Bissau,GNB,2019,1543.4176,2.413,0.13034482,62.1612
Guinea-Bissau,GNB,2020,1531.3096,2.89,0.15469445,61.343
Guinea-Bissau,GNB,2021,1593.8186,3.031,0.1655067,61.6528
Guinea-Bissau,GNB,2022,1625.3876,2.666,0.16357648,63.6045
Haiti,HTI,2018,1773.1095,13.878,0.31023884,64.0766
Haiti,HTI,2019,1719.4462,14.057,0.28084463,64.3281
Haiti,HTI,2020,1641.7617,15.546,0.2904154,63.773
Haiti,HTI,2021,1591.76,15.28,0.3083372,62.613
Haiti,HTI,2022,1546.4222,14.635,0.2495167,63.9483
Honduras,HND,2018,5052.2056,5.648,1.0113649,72.0005
Honduras,HND,2019,5099.8145,5.698,1.1024681,72.1238
Honduras,HND,2020,4567.8857,10.982,0.9858834,70.864
Honduras,HND,2021,5062.1187,8.506,1.0748178,69.4924
Honduras,HND,2022,5186.5303,8.774,1.1221477,72.7151
Hong Kong,HKG,2018,50847.723,2.805,5.7015047,84.9866
Hong Kong,HKG,2019,49631.062,2.917,5.596796,85.2632
Hong Kong,HKG,2020,46550.258,5.808,4.4742217,84.7073
Hong Kong,HKG,2021,50006.348,5.174,4.4941583,85.0816
Hong Kong,HKG,2022,48289.383,4.318,4.120568,83.4853
Hungary,HUN,2018,25995.51,3.708,5.0505667,76.2049
Hungary,HUN,2019,27272.312,3.419,5.0314445,76.4546
Hungary,HUN,2020,26091.4,4.25,4.831583,75.7302
Hungary,HUN,2021,28085.963,4.045,4.9780636,74.1851
Hungary,HUN,2022,29451.855,3.609,4.674298,76.2118
Iceland,ISL,2018,43321.062,2.704,10.387562,82.4526
Iceland,ISL,2019,43136.605,3.507,9.849048,82.8474
Iceland,ISL,2020,39368.4,5.478,9.107118,82.7113
Iceland,ISL,2021,40412.617,6.029,9.367136,82.8433
Iceland,ISL,2022,42145.594,3.789,9.458432,81.5877
India,IND,2018,7046.4365,7.652,1.8879061,70.4152
India,IND,2019,7293.9897,6.51,1.8798543,70.7463
India,IND,2020,6730.547,7.859,1.7272933,70.1563
India,IND,2021,7315.1216,6.38,1.8920738,67.2823
India,IND,2022,7765.593,4.822,1.9861692,71.6984
Indonesia,IDN,2018,11768.468,4.387,2.249951,70.0797
Indonesia,IDN,2019,12250.278,3.59,2.440643,70.3491
Indonesia,IDN,2020,11895.075,4.255,2.268087,68.8173
Indonesia,IDN,2021,12233.969,3.827,2.2870014,67.4516
Indonesia,IDN,2022,12801.671,3.462,2.7185707,70.9246
Iran,IRN,2018,18154.533,12.195,7.7164273,76.6205
Iran,IRN,2019,17400.414,10.74,8.354448,76.8549
Iran,IRN,2020,17296.264,9.687,8.49939,74.1406
Iran,IRN,2021,18052.37,9.282,8.812627,73.7521
Iran,IRN,2022,18473.066,9.085,8.569505,76.7993
Iraq,IRQ,2018,13724.742,13.49,4.62321,71.1162
Iraq,IRQ,2019,14203.617,14.109,4.655681,71.2452
Iraq,IRQ,2020,11717.375,15.778,4.086228,69.6506
Iraq,IRQ,2021,12355.587,16.173,4.483625,70.7036
Iraq,IRQ,2022,13071.94,15.511,4.9385333,72.0371
Ireland,IRL,2018,58083.45,5.741,7.9880743,82.1232
Ireland,IRL,2019,59733.91,4.95,7.540263,82.4108
Ireland,IRL,2020,55134.855,5.623,7.0349927,82.3897
Ireland,IRL,2021,57278.42,6.364,7.4523654,81.8608
Ireland,IRL,2022,60257.082,4.501,7.177214,82.0505
Israel,ISR,2018,33227.125,3.917,7.04882,82.9184
Israel,ISR,2019,33951.89,3.731,6.809169,82.9048
Israel,ISR,2020,32730.943,4.169,6.7366834,82.6997
Israel,ISR,2021,34969.016,4.812,6.5918126,82.5169
Israel,ISR,2022,36648.918,3.695,6.8401985,82.8145
Italy,ITA,2018,35149.824,10.61,5.790691,83.1844
Italy,ITA,2019,35407.242,9.951,5.6483817,83.3423
Italy,ITA,2020,32385.326,9.164,5.0506783,82.1814
Italy,ITA,2021,34827.137,9.497,5.6242104,82.8652
Italy,ITA,2022,36224.293,8.069,5.704794,82.052
Jamaica,JAM,2018,7569.063,5.47,2.858282,71.6062
Jamaica,JAM,2019,7641.0815,4.987,3.3434515,71.5316
Jamaica,JAM,2020,6880.4883,6.501,2.4254513,71.4519
Jamaica,JAM,2021,7193.1064,5.188,2.5769415,69.0846
Jamaica,JAM,2022,7481.6685,4.083,2.7852037,71.4809
Japan,JPN,2018,38403.68,2.467,8.971074,84.289
Japan,JPN,2019,38332.934,2.351,8.698248,84.4177
Japan,JPN,2020,36826.64,2.809,8.212569,84.6703
Japan,JPN,2021,37678.277,2.828,8.422242,84.55
Japan,JPN,2022,38268.79,2.6,8.237319,84.0541
Jordan,JOR,2018,9174.501,18.257,2.429594,76.4913
Jordan,JOR,2019,9166.066,16.801,2.3022892,76.8645
Jordan,JOR,2020,8896.383,19.213,1.8979398,75.5831
Jordan,JOR,2021,9019.895,19.837,1.9148241,74.2042
Jordan,JOR,2022,9151.479,18.2,1.9924614,77.088
Kazakhstan,KAZ,2018,25142.707,4.85,17.407537,73.3693
Kazakhstan,KAZ,2019,26026.064,4.8,15.411059,73.6581
Kazakhstan,KAZ,2020,25124.486,4.89,14.463993,71.1952
Kazakhstan,KAZ,2021,25936.383,5.546,12.404203,70.1311
Kazakhstan,KAZ,2022,26491.857,4.86,13.693581,73.5028
Kenya,KEN,2018,3120.4314,4.284,0.3386544,62.8254
Kenya,KEN,2019,3207.2622,5.014,0.35464606,62.9391
Kenya,KEN,2020,3129.5852,5.619,0.3828149,61.5958
Kenya,KEN,2021,3292.7585,5.693,0.38688725,61.2253
Kenya,KEN,2022,3403.9238,5.707,0.37868083,63.5491
Kuwait,KWT,2018,75163.984,2.204,23.697384,79.8994
Kuwait,KWT,2019,73748.44,2.251,23.559092,80.0223
Kuwait,KWT,2020,66365.99,3.557,20.477186,78.2483
Kuwait,KWT,2021,66418.2,3.002,20.149948,77.625
Kuwait,KWT,2022,71533.516,2.174,25.242083,78.7881
Kyrgyzstan,KGZ,2018,5226.4805,3.67,1.7621223,70.6678
Kyrgyzstan,KGZ,2019,5412.708,4.295,1.3930722,70.8907
Kyrgyzstan,KGZ,2020,4899.061,4.63,1.2527478,69.136
Kyrgyzstan,KGZ,2021,5035.9272,4.096,1.5157713,69.2904
Kyrgyzstan,KGZ,2022,5304.841,4.043,1.6551521,71.487
Laos,LAO,2018,6454.778,2.9,2.873369,67.5942
Laos,LAO,2019,6706.0063,2.537,2.5339587,67.9113
Laos,LAO,2020,6824.144,2.361,2.4900937,68.3386
Laos,LAO,2021,6961.1216,2.066,2.929837,67.8074
Laos,LAO,2022,7168.1904,1.209,2.9830346,68.7152
Latvia,LVA,2018,25039.865,7.412,4.0689178,74.9793
Latvia,LVA,2019,25858.602,6.312,3.9876633,75.6278
Latvia,LVA,2020,25453.064,8.098,3.681657,75.4781
Latvia,LVA,2021,26738.615,7.513,3.8281586,73.1809
Latvia,LVA,2022,27220.303,6.815,3.5129132,74.8706
Lebanon,LBN,2018,13236.691,10.745,4.313433,78.2632
Lebanon,LBN,2019,12854.797,11.301,4.3387065,78.2079
Lebanon,LBN,2020,10182.637,13.284,4.1550837,76.2988
Lebanon,LBN,2021,10573.861,12.669,3.405726,73.6495
Lebanon,LBN,2022,10341.159,11.6,2.6739883,78.0029
Lesotho,LSO,2018,2582.512,16.625,0.99167114,54.6377
Lesotho,LSO,2019,2514.2244,16.876,0.9900399,55.2493
Lesotho,LSO,2020,2297.383,18.399,0.88825154,55.1325
Lesotho,LSO,2021,2311.8909,18.23,1.3690085,54.2091
Lesotho,LSO,2022,2312.9583,16.688,1.1160188,56.8119
Liberia,LBR,2018,842.37573,3.056,0.123087056,60.9995
Liberia,LBR,2019,807.3494,3.068,0.18471727,61.2324
Liberia,LBR,2020,768.40546,4.109,0.15084057,61.2672
Liberia,LBR,2021,790.2841,3.845,0.14879413,61.1658
Liberia,LBR,2022,811.2146,2.977,0.16075158,61.9342
Libya,LBY,2018,19504.555,18.836,9.146443,73.1508
Libya,LBY,2019,16971.502,19.05,10.6139965,72.9412
Libya,LBY,2020,11741.864,19.613,5.1254168,72.3882
Libya,LBY,2021,14797.098,19.641,7.8922286,72.0617
Libya,LBY,2022,12755.204,19.282,8.163843,74.4615
Lithuania,LTU,2018,27631.46,6.147,4.7866178,75.9091
Lithuania,LTU,2019,28986.053,6.255,4.8826694,76.4245
Lithuania,LTU,2020,28971.844,8.487,4.8285885,75.105
Lithuania,LTU,2021,30557.03,7.112,4.9304504,74.2967
Lithuania,LTU,2022,30863.32,5.955,4.5777125,74.696
Luxembourg,LUX,2018,54625.96,5.589,15.714555,81.5187
Luxembourg,LUX,2019,54751.6,5.592,15.721521,81.5879
Luxembourg,LUX,2020,53489.332,6.766,12.795942,81.4108
Luxembourg,LUX,2021,55346.676,5.571,13.134188,81.8392
Luxembourg,LUX,2022,55484.777,4.588,11.134566,82.2007
Madagascar,MDG,2018,1407.4424,2.297,0.13109523,63.4911
Madagascar,MDG,2019,1434.2703,2.469,0.14693762,63.5039
Madagascar,MDG,2020,1300.5428,3.284,0.13083282,62.706
Madagascar,MDG,2021,1343.4438,3.487,0.14300844,62.5157
Madagascar,MDG,2022,1367.0938,3.186,0.13830549,63.0677
Malawi,MWI,2018,1172.6713,5.014,0.09121552,64.4641
Malawi,MWI,2019,1205.477,4.966,0.0891084,64.995
Malawi,MWI,2020,1186.6827,5.728,0.09563126,65.2159
Malawi,MWI,2021,1211.2092,5.662,0.08392642,64.782
Malawi,MWI,2022,1190.0509,5.037,0.08757896,66.037
Malaysia,MYS,2018,25175.799,3.3,7.9805346,75.7341
Malaysia,MYS,2019,25986.412,3.26,8.303469,75.9005
Malaysia,MYS,2020,24279.316,4.54,7.735682,76.0566
Malaysia,MYS,2021,24764.65,4.64,7.9729576,73.9172
Malaysia,MYS,2022,26628.707,3.93,8.124508,75.4442
Mali,MLI,2018,1673.8774,1.62,0.25429592,58.8728
Mali,MLI,2019,1706.0105,3.29,0.26551783,59.2173
Mali,MLI,2020,1638.9304,3.528,0.29152176,58.8577
Mali,MLI,2021,1643.0144,3.966,0.33021975,59.116
Mali,MLI,2022,1651.9413,2.387,0.3042441,60.0347
Malta,MLT,2018,32292.822,3.658,3.194038,82.9083
Malta,MLT,2019,33220.285,3.616,3.272104,82.8387
Malta,MLT,2020,29703.762,4.347,3.089255,82.3358
Malta,MLT,2021,33031.184,3.394,3.072962,82.3161
Malta,MLT,2022,34496.34,2.921,3.3590784,82.2496
Mauritania,MRT,2018,3567.1013,10.407,1.0246092,67.4195
Mauritania,MRT,2019,3659.103,10.416,1.0325818,67.6397
Mauritania,MRT,2020,3532.2979,11.054,1.0394301,66.7943
Mauritania,MRT,2021,3527.4277,11.144,0.95032835,66.7618
Mauritania,MRT,2022,3680.3662,10.531,1.0803561,68.2807
Mauritius,MUS,2018,21040.639,6.426,3.4569364,74.4909
Mauritius,MUS,2019,21624.842,6.331,3.5179577,74.1811
Mauritius,MUS,2020,18445.975,8.626,2.9609385,74.6572
Mauritius,MUS,2021,19069.049,7.719,3.1009886,72.903
Mauritius,MUS,2022,20643.094,6.322,3.3826706,73.5445
Mexico,MEX,2018,17055.117,3.275,3.760188,74.3009
Mexico,MEX,2019,16802.014,3.477,3.7231612,74.5302
Mexico,MEX,2020,15253.691,4.44,3.382808,70.4492
Mexico,MEX,2021,15853.376,4.019,3.500541,69.7499
Mexico,MEX,2022,16235.455,3.256,3.5284045,73.9731
Moldova,MDA,2018,6760.1113,1.196,1.6967708,70.2355
Moldova,MDA,2019,7078.23,1.466,1.727951,70.181
Moldova,MDA,2020,6560.7476,1.186,1.6659853,69.9144
Moldova,MDA,2021,7557.3857,0.785,1.9049147,68.9908
Moldova,MDA,2022,6674.871,0.897,1.7018101,71.5465
Mongolia,MNG,2018,13419.578,5.377,14.306628,70.5743
Mongolia,MNG,2019,13871.33,9.269,14.578362,70.6631
Mongolia,MNG,2020,12990.328,6.594,12.9080105,70.0291
Mongolia,MNG,2021,12992.167,7.747,10.771015,68.5654
Mongolia,MNG,2022,13442.906,6.211,11.944179,71.5049
Montenegro,MNE,2018,19617.215,15.19,3.903202,76.9215
Montenegro,MNE,2019,20448.549,15.128,4.0493402,76.6392
Montenegro,MNE,2020,17355.623,17.878,3.9536924,75.8503
Montenegro,MNE,2021,19656.557,16.543,3.9925413,73.7893
Montenegro,MNE,2022,20941.805,14.851,4.0595264,75.9214
Morocco,MAR,2018,8385.949,9.271,1.7387096,73.9456
Morocco,MAR,2019,8540.804,9.194,1.8984194,74.2446
Morocco,MAR,2020,7849.208,11.223,1.764199,73.1327
Morocco,MAR,2021,8391.295,10.576,1.9016743,73.3848
Morocco,MAR,2022,8400.127,9.494,1.8693061,75.1614
Mozambique,MOZ,2018,1122.5856,3.604,0.24157281,60.7904
Mozambique,MOZ,2019,1118.6304,3.646,0.2374965,61.3059
Mozambique,MOZ,2020,1076.6941,3.921,0.20596471,61.3904
Mozambique,MOZ,2021,1073.57,4.053,0.24353753,60.2683
Mozambique,MOZ,2022,1087.836,3.596,0.28465265,63.0115
Myanmar,MMR,2018,5803.431,0.767,0.65076286,66.2322
Myanmar,MMR,2019,6140.885,0.407,0.63861066,66.4567
Myanmar,MMR,2020,6282.8115,1.476,0.65239656,66.6121
Myanmar,MMR,2021,5113.337,4.34,0.54853755,65.5535
Myanmar,MMR,2022,5177.4326,3.057,0.58855194,66.5058
Namibia,NAM,2018,8805.334,19.877,1.4103903,62.5787
Namibia,NAM,2019,8567.793,19.921,1.4073112,63.5463
Namibia,NAM,2020,7734.6055,21.004,1.2608001,64.0712
Namibia,NAM,2021,7796.0615,20.922,1.2836621,60.8499
Namibia,NAM,2022,7979.328,19.695,1.181398,64.1903
Nepal,NPL,2018,2800.8596,10.559,0.49996966,69.036
Nepal,NPL,2019,2953.5603,10.389,0.44873866,69.2992
Nepal,NPL,2020,2832.8608,12.975,0.539615,69.1065
Nepal,NPL,2021,2902.0503,12.186,0.52540195,68.3846
Nepal,NPL,2022,3013.5178,10.844,0.5925866,70.0869
Netherlands,NLD,2018,47528.902,3.832,9.084534,81.7813
Netherlands,NLD,2019,48142.67,3.379,8.708599,82.053
Netherlands,NLD,2020,46014.484,3.82,7.7664127,81.3931
Netherlands,NLD,2021,48001.84,4.209,7.889522,81.356
Netherlands,NLD,2022,49669.867,3.526,7.1213217,81.9121
New Zealand,NZL,2018,36420.047,4.335,7.281771,81.8838
New Zealand,NZL,2019,36912.074,4.109,7.357706,81.8322
New Zealand,NZL,2020,35853.69,4.595,6.727745,82.6628
New Zealand,NZL,2021,37837.457,3.776,6.773412,82.3003
New Zealand,NZL,2022,38250.12,3.297,6.229061,81.0061
Nicaragua,NIC,2018,4930.4297,5.2,0.8090502,73.8787
Nicaragua,NIC,2019,4721.7275,5.472,0.8032668,73.7637
Nicaragua,NIC,2020,4575.1865,6.201,0.7069047,70.7662
Nicaragua,NIC,2021,4978.8413,6.118,0.772426,70.4777
Nicaragua,NIC,2022,5092.8413,4.961,0.7623672,74.4626
Niger,NER,2018,942.5486,0.535,0.0812783,59.7646
Niger,NER,2019,964.32434,0.531,0.10952548,60.031
Niger,NER,2020,962.7823,0.594,0.1281763,59.8903
Niger,NER,2021,941.2575,0.78,0.10563177,59.5422
Niger,NER,2022,1007.72095,0.418,0.12645128,60.3981
Nigeria,NGA,2018,5215.3755,5.067,0.52106166,52.669
Nigeria,NGA,2019,5197.0825,5.206,0.61034876,53.0086
Nigeria,NGA,2020,4976.3223,5.742,0.58365196,53.0724
Nigeria,NGA,2021,5029.0884,5.45,0.6762326,53.455
Nigeria,NGA,2022,5070.4927,3.821,0.58902264,54.079
North Korea,PRK,2018,1668.5446,2.757,2.4144042,73.0196
North Korea,PRK,2019,1666.8143,2.782,2.6696818,72.9282
North Korea,PRK,2020,1584.3771,2.948,2.5090284,72.7826
North Korea,PRK,2021,1577.1321,3.0,2.0573611,73.4366
North Korea,PRK,2022,1568.847,2.805,2.13794,73.6411
North Macedonia,MKD,2018,13238.034,21.208,3.4660208,76.8835
North Macedonia,MKD,2019,13751.228,17.414,4.0179386,76.8346
North Macedonia,MKD,2020,13125.83,16.575,3.7285478,74.4687
North Macedonia,MKD,2021,13692.046,15.801,3.5212708,73.2918
North Macedonia,MKD,2022,14050.995,14.476,3.9952326,76.6455
Norway,NOR,2018,84739.92,3.801,8.37238,82.7599
Norway,NOR,2019,85115.32,3.684,8.015733,82.9553
Norway,NOR,2020,83543.1,4.424,7.672967,83.1953
Norway,NOR,2021,86334.59,4.359,7.591971,83.1656
Norway,NOR,2022,88366.22,3.231,7.4829626,82.6309
Oman,OMN,2018,50135.402,1.8,15.37186,79.8642
Oman,OMN,2019,48596.527,2.04,15.689613,79.9456
Oman,OMN,2020,46133.21,2.94,15.886151,77.7634
Oman,OMN,2021,46573.574,1.9,16.674276,75.9693
Oman,OMN,2022,47988.65,3.3,16.488375,77.9106
Pakistan,PAK,2018,5299.071,4.083,0.8967553,66.4807
Pakistan,PAK,2019,5219.534,4.83,0.8267986,66.7288
Pakistan,PAK,2020,5242.6953,6.127,0.91705513,65.7015
Pakistan,PAK,2021,5463.7744,6.338,1.0170143,65.7731
Pakistan,PAK,2022,5531.723,5.485,0.8697954,67.4167
Palestine,PSE,2018,5218.1562,26.256,0.60958487,75.3798
Palestine,PSE,2019,5176.9795,25.34,0.65848595,75.8114
Palestine,PSE,2020,4490.755,25.895,0.6562355,74.9978
Palestine,PSE,2021,4698.9326,26.39,0.7009545,73.8896
Palestine,PSE,2022,4775.202,24.42,0.8862943,76.6624
Panama,PAN,2018,22843.75,5.161,2.1884246,78.2656
Panama,PAN,2019,23218.432,6.256,2.9397075,78.5145
Panama,PAN,2020,18840.738,14.663,1.5273576,76.3302
Panama,PAN,2021,21539.07,10.177,2.334559,77.0037
Panama,PAN,2022,23557.02,8.086,2.6602929,79.3241
Paraguay,PRY,2018,8915.669,6.217,1.3230258,73.6271
Paraguay,PRY,2019,8776.076,6.595,1.2691232,73.6681
Paraguay,PRY,2020,8603.079,7.548,1.1272037,72.7197
Paraguay,PRY,2021,8845.659,7.311,1.2248267,68.1081
Paraguay,PRY,2022,8762.771,6.755,1.1143297,72.3185
Peru,PER,2018,12677.875,3.492,1.7560439,76.018
Peru,PER,2019,12680.354,3.379,1.8079982,76.2749
Peru,PER,2020,11136.991,7.179,1.4384526,73.8315
Peru,PER,2021,12550.461,5.097,1.8084831,71.5962
Peru,PER,2022,12762.967,3.85,1.9352938,76.834
Philippines,PHL,2018,8234.928,2.338,1.2776358,69.7615
Philippines,PHL,2019,8602.1455,2.237,1.2869601,69.6804
Philippines,PHL,2020,7624.4136,2.522,1.1728759,70.0974
Philippines,PHL,2021,7894.1777,3.398,1.2402151,66.6755
Philippines,PHL,2022,8370.666,2.598,1.3246514,69.4723
Poland,POL,2018,27880.836,3.835,8.779007,77.6232
Poland,POL,2019,29142.023,3.267,8.304427,77.9213
Poland,POL,2020,28577.14,3.155,7.914448,76.5951
Poland,POL,2021,30687.662,3.268,8.693247,75.6387
Poland,POL,2022,32468.402,2.811,8.20336,77.9229
Portugal,PRT,2018,27329.69,6.994,4.972253,81.5915
Portugal,PRT,2019,28056.057,6.464,4.6004105,81.9587
Portugal,PRT,2020,25700.283,6.801,4.024692,81.3664
Portugal,PRT,2021,27138.479,6.577,3.8783576,81.3978
Portugal,PRT,2022,28992.059,6.011,3.9092069,81.1936
Qatar,QAT,2018,152453.81,0.11,37.166264,82.7136
Qatar,QAT,2019,150732.22,0.1,36.251686,82.9454
Qatar,QAT,2020,143118.53,0.14,36.145443,80.4095
Qatar,QAT,2021,143468.75,0.14,37.082108,81.083
Qatar,QAT,2022,149171.11,0.13,37.88961,81.8566
Romania,ROU,2018,24000.455,4.187,4.075668,75.1033
Romania,ROU,2019,23267.516,3.912,3.9325275,75.3288
Romania,ROU,2020,24799.71,5.035,3.81315,74.0464
Romania,ROU,2021,26102.588,5.59,4.026425,72.7405
Romania,ROU,2022,26197.904,5.614,3.8183794,75.2614
Russia,RUS,2018,24690.082,4.871,11.677306,72.9363
Russia,RUS,2019,25244.12,4.513,11.631905,73.0658
Russia,RUS,2020,24625.385,5.62,11.149055,71.1705
Russia,RUS,2021,26119.947,4.749,11.482229,69.8066
Russia,RUS,2022,25437.107,3.867,11.508876,72.5174
Rwanda,RWA,2018,1908.049,10.759,0.105146945,66.3539
Rwanda,RWA,2019,2042.8529,11.236,0.11063562,66.6905
Rwanda,RWA,2020,1935.2662,11.829,0.10671424,66.9534
Rwanda,RWA,2021,2106.9736,15.775,0.12721947,66.8496
Rwanda,RWA,2022,2198.0662,15.084,0.14337575,67.528
Saint Lucia,LCA,2018,11060.511,19.329,2.8768585,72.6546
Saint Lucia,LCA,2019,10977.819,15.613,2.8252034,72.249
Saint Lucia,LCA,2020,8164.9062,25.224,2.7336996,72.3077
Saint Lucia,LCA,2021,9067.721,20.514,2.8320374,69.1194
Saint Lucia,LCA,2022,10452.165,15.934,2.8977146,72.6699
Sao Tome and Principe,STP,2018,3756.814,8.714,0.662385,67.6015
Sao Tome and Principe,STP,2019,3781.2275,8.831,0.6867693,68.0435
Sao Tome and Principe,STP,2020,3826.3755,9.686,0.6571442,67.979
Sao Tome and Principe,STP,2021,3821.0012,9.6,0.64374816,68.0262
Sao Tome and Principe,STP,2022,3751.6428,8.992,0.59902877,69.2368
Saudi Arabia,SAU,2018,50906.484,6.029,21.47873,78.7499
Saudi Arabia,SAU,2019,50123.336,5.636,23.244812,78.3132
Saudi Arabia,SAU,2020,46723.93,7.66,21.088715,77.5962
Saudi Arabia,SAU,2021,49841.145,6.621,22.196955,77.0887
Saudi Arabia,SAU,2022,53516.91,5.589,20.729954,77.3098
Senegal,SEN,2018,2514.8071,3.455,0.71195424,67.3792
Senegal,SEN,2019,2559.8176,2.863,0.77731997,67.668
Senegal,SEN,2020,2524.2656,3.437,0.6444607,67.4961
Senegal,SEN,2021,2607.2322,3.44,0.7153539,66.8685
Senegal,SEN,2022,2660.6816,2.837,0.8006707,67.7884
Serbia,SRB,2018,14579.859,12.733,6.335893,76.0356
Serbia,SRB,2019,15293.246,10.395,6.3800635,76.0585
Serbia,SRB,2020,15256.421,9.011,6.5659204,74.5065
Serbia,SRB,2021,16563.828,9.843,6.4203916,72.853
Serbia,SRB,2022,17097.686,8.439,6.547047,75.4778
Sierra Leone,SLE,2018,1660.427,3.192,0.13725628,59.0587
Sierra Leone,SLE,2019,1707.3713,3.203,0.14453192,59.5935
Sierra Leone,SLE,2020,1635.713,3.508,0.15003191,59.6935
Sierra Leone,SLE,2021,1665.1047,3.556,0.18328422,60.2596
Sierra Leone,SLE,2022,1690.4982,3.175,0.17441697,61.2748
Singapore,SGP,2018,74518.15,3.613,8.927358,83.3783
Singapore,SGP,2019,74649.734,3.1,8.642643,83.6622
Singapore,SGP,2020,71964.7,4.1,8.309385,83.6607
Singapore,SGP,2021,77945.484,4.64,9.033064,83.4846
Singapore,SGP,2022,80320.086,3.591,8.6610365,82.9211
Slovakia,SVK,2018,26790.652,6.544,6.647537,77.265
Slovakia,SVK,2019,27429.225,5.761,6.2108803,77.6863
Slovakia,SVK,2020,26468.295,6.719,5.7151237,76.8643
Slovakia,SVK,2021,27365.623,6.894,6.47673,74.5901
Slovakia,SVK,2022,27519.287,6.143,5.771668,77.0356
Slovenia,SVN,2018,29461.344,5.108,7.03719,80.861
Slovenia,SVN,2019,30229.299,4.446,6.7451043,81.007
Slovenia,SVN,2020,28733.303,4.971,6.1229367,80.3641
Slovenia,SVN,2021,31019.943,4.744,6.186983,80.434
Slovenia,SVN,2022,32673.762,4.011,6.017234,80.7933
South Africa,ZAF,2018,11873.3,26.906,7.7417293,65.726
South Africa,ZAF,2019,11739.936,28.468,7.899718,66.0711
South Africa,ZAF,2020,10839.133,29.217,7.1875925,65.1502
South Africa,ZAF,2021,11273.159,34.007,7.14546,62.0099
South Africa,ZAF,2022,11415.887,33.268,6.8738866,65.4536
South Korea,KOR,2018,38214.324,3.824,12.977481,83.34
South Korea,KOR,2019,38935.992,3.746,12.480763,83.6846
South Korea,KOR,2020,38606.984,3.931,11.524331,83.6752
South Korea,KOR,2021,40277.953,3.639,11.882237,83.8517
South Korea,KOR,2022,41320.9,2.857,11.719733,82.727
Spain,ESP,2018,34553.625,15.255,5.701944,83.0956
Spain,ESP,2019,34957.465,14.104,5.284558,83.4794
Spain,ESP,2020,30834.514,15.532,4.441423,82.2413
Spain,ESP,2021,32553.05,14.781,4.793181,82.9508
Spain,ESP,2022,34123.387,12.917,4.8971643,82.3661
Sri Lanka,LKA,2018,12051.547,4.318,0.90489626,76.4853
Sri Lanka,LKA,2019,11939.55,4.67,0.9417696,76.698
Sri Lanka,LKA,2020,11447.249,5.364,0.9047328,76.9281
Sri Lanka,LKA,2021,11751.948,4.981,0.9173014,76.2779
Sri Lanka,LKA,2022,10705.481,4.528,0.80477285,77.2996
Sweden,SWE,2018,45003.492,6.365,4.1134505,82.5321
Sweden,SWE,2019,45434.402,6.833,3.9665341,83.0518
Sweden,SWE,2020,44128.332,8.291,3.5371203,82.4271
Sweden,SWE,2021,46226.543,8.722,3.7027159,83.0196
Sweden,SWE,2022,47126.13,7.392,3.4653375,83.046
Switzerland,CHE,2018,62185.477,4.713,4.3381386,83.5639
Switzerland,CHE,2019,62448.598,4.394,4.2928753,83.7804
Switzerland,CHE,2020,60521.26,4.817,3.974646,83.0626
Switzerland,CHE,2021,62595.31,5.013,4.1233916,83.6477
Switzerland,CHE,2022,63323.254,4.122,3.7477124,83.2003
Syria,SYR,2018,3418.6953,13.497,1.6228212,67.3711
Syria,SYR,2019,3385.4192,13.36,1.6454934,70.9701
Syria,SYR,2020,2903.7397,15.191,1.5365934,71.944
Syria,SYR,2021,2682.3398,14.877,1.5030166,72.4175
Syria,SYR,2022,2494.7612,13.268,1.3989446,72.7898
Tajikistan,TJK,2018,4440.1567,11.437,0.8682259,70.7366
Tajikistan,TJK,2019,4695.543,11.419,0.91439617,70.962
Tajikistan,TJK,2020,4828.3936,12.321,0.9665616,68.6054
Tajikistan,TJK,2021,5205.606,12.333,0.9415492,69.5935
Tajikistan,TJK,2022,5507.5454,11.634,1.0332633,71.5624
Tanzania,TZA,2018,2785.1824,2.393,0.24780245,65.488
Tanzania,TZA,2019,2894.6472,2.496,0.27361012,66.0068
Tanzania,TZA,2020,2948.4724,2.781,0.261632,66.7712
Tanzania,TZA,2021,3008.113,2.821,0.28135568,66.1306
Tanzania,TZA,2022,3057.3286,2.588,0.30446345,66.8786
Thailand,THA,2018,16610.05,0.765,4.039237,77.1903
Thailand,THA,2019,16905.293,0.716,3.9411147,77.1967
Thailand,THA,2020,15815.915,1.099,3.7956123,77.3314
Thailand,THA,2021,16019.519,1.215,3.7244072,77.6065
Thailand,THA,2022,16421.072,0.94,3.7997093,75.2913
Togo,TGO,2018,1466.341,2.898,0.24626246,60.6006
Togo,TGO,2019,1501.8667,2.036,0.27929592,61.0554
Togo,TGO,2020,1482.7515,2.225,0.31734377,61.1225
Togo,TGO,2021,1534.8236,2.333,0.2951192,61.3285
Togo,TGO,2022,1586.5889,1.965,0.30129206,62.2898
Trinidad and Tobago,TTO,2018,27863.434,3.498,27.410236,72.6582
Trinidad and Tobago,TTO,2019,27582.568,3.523,27.446016,72.8357
Trinidad and Tobago,TTO,2020,25548.51,4.206,23.661348,72.645
Trinidad and Tobago,TTO,2021,25237.664,4.446,24.459532,71.1114
Trinidad and Tobago,TTO,2022,25773.006,4.383,25.063381,73.3308
Tunisia,TUN,2018,11376.29,15.459,2.6451635,75.37
Tunisia,TUN,2019,11451.897,17.153,2.5750186,75.5992
Tunisia,TUN,2020,10354.239,17.656,2.408942,75.0035
Tunisia,TUN,2021,10726.256,16.611,2.6166234,72.8928
Tunisia,TUN,2022,10913.846,15.3,2.5401497,76.0505
Turkey,TUR,2018,23650.49,10.956,5.020594,77.4535
Turkey,TUR,2019,23497.504,13.73,4.7631073,77.737
Turkey,TUR,2020,23721.88,13.148,4.8358684,76.5255
Turkey,TUR,2021,26175.93,11.969,5.2762375,75.7222
Turkey,TUR,2022,27361.988,10.465,5.095457,77.5913
Turkmenistan,TKM,2018,18064.107,4.044,9.210645,69.2718
Turkmenistan,TKM,2019,17264.172,4.043,9.149726,69.4046
Turkmenistan,TKM,2020,16580.84,4.501,9.051186,68.8457
Turkmenistan,TKM,2021,17169.06,4.459,12.929089,69.3525
Turkmenistan,TKM,2022,17234.555,4.109,14.11619,69.9133
Uganda,UGA,2018,2036.3313,3.25,0.1334906,65.7751
Uganda,UGA,2019,2128.9087,3.06,0.13398339,66.3537
Uganda,UGA,2020,2032.2618,3.831,0.12532032,66.4098
Uganda,UGA,2021,2083.8281,3.422,0.13574822,66.4497
Uganda,UGA,2022,2122.0278,2.886,0.12952651,67.6747
Ukraine,UKR,2018,9827.172,8.799,5.1295204,73.5691
Ukraine,UKR,2019,10139.761,8.194,4.942182,73.9199
Ukraine,UKR,2020,9769.828,9.475,4.635197,73.2833
Ukraine,UKR,2021,10133.885,9.834,4.7549105,71.6308
United Arab Emirates,ARE,2018,74206.484,2.236,21.8367,82.4493
United Arab Emirates,ARE,2019,74396.14,2.331,21.75957,82.5961
United Arab Emirates,ARE,2020,70188.27,4.294,22.783035,81.9363
United Arab Emirates,ARE,2021,72460.04,3.105,21.67451,79.0831
United Arab Emirates,ARE,2022,77203.67,2.872,20.220825,80.4868
United Kingdom,GBR,2018,38704.6,4.12,5.6886244,81.1229
United Kingdom,GBR,2019,39113.01,3.613,5.4350777,81.4426
United Kingdom,GBR,2020,34651.184,4.472,4.84416,80.3854
United Kingdom,GBR,2021,37134.33,4.826,5.059431,80.708
United Kingdom,GBR,2022,38406.53,3.73,4.563232,81.0744
United States,USA,2018,55454.668,3.896,16.000992,78.7997
United States,USA,2019,56469.26,3.669,15.500492,78.916
United States,USA,2020,54379.207,8.055,13.8168955,77.0115
United States,USA,2021,57522.703,5.349,14.758024,76.3836
United States,USA,2022,58487.465,3.65,14.802047,77.9789
Uruguay,URY,2018,19697.76,8.336,1.9355792,77.5273
Uruguay,URY,2019,19714.148,8.836,1.886396,77.5028
Uruguay,URY,2020,18460.04,10.413,1.9055269,78.3811
Uruguay,URY,2021,19222.295,9.328,2.3049502,75.4345
Uruguay,URY,2022,20181.94,7.877,2.212046,76.4682
Uzbekistan,UZB,2018,10682.418,5.389,3.160928,71.9988
Uzbekistan,UZB,2019,11219.243,4.932,3.2746303,72.0934
Uzbekistan,UZB,2020,11341.919,5.293,3.2197232,71.4613
Uzbekistan,UZB,2021,12076.092,5.364,3.5966222,71.6808
Uzbekistan,UZB,2022,12559.401,4.49,3.4089596,72.1465
Venezuela,VEN,2018,9446.1875,5.46,3.7319212,72.6415
Venezuela,VEN,2019,7061.7617,5.876,3.6433108,72.7664
Venezuela,VEN,2020,4952.53,7.53,2.8442175,72.3693
Venezuela,VEN,2021,4896.802,7.037,3.3608282,71.5364
Venezuela,VEN,2022,5267.1753,5.707,3.8430314,72.5656
Vietnam,VNM,2018,6842.1387,1.161,2.654567,74.1004
Vietnam,VNM,2019,7266.0483,1.681,3.4918098,74.2113
Vietnam,VNM,2020,7395.3613,2.103,3.697001,75.3832
Vietnam,VNM,2021,7507.759,2.385,3.175785,74.1448
Vietnam,VNM,2022,8050.359,1.523,3.2368684,74.5025
World,OWID_WRL,2018,15814.849,5.76846,4.752195,72.3885
World,OWID_WRL,2019,16091.449,5.5985622,4.7478137,72.6093
World,OWID_WRL,2020,15461.187,6.6092067,4.4577436,71.9166
World,OWID_WRL,2021,16282.981,6.0645556,4.634748,70.865
World,OWID_WRL,2022,16676.75,5.2606454,4.6784525,72.6398
Yemen,YEM,2018,2281.545,17.584,0.33750373,65.9154
Yemen,YEM,2019,2265.343,17.202,0.33572507,66.5673
Yemen,YEM,2020,2031.4436,17.953,0.2976907,66.4354
Yemen,YEM,2021,1972.2102,18.287,0.285619,66.0191
Yemen,YEM,2022,1959.3195,17.363,0.27218696,67.9517
Zambia,ZMB,2018,3521.5051,5.033,0.48169613,62.1381
Zambia,ZMB,2019,3466.2363,5.542,0.47782284,62.9145
Zambia,ZMB,2020,3270.599,6.033,0.52418166,63.3607
Zambia,ZMB,2021,3321.5945,5.199,0.47694507,62.3631
Zambia,ZMB,2022,3342.4214,5.995,0.5427949,65.2791
Zimbabwe,ZWE,2018,1900.1992,6.793,0.7455699,60.9055
Zimbabwe,ZWE,2019,1753.0244,7.373,0.6722901,61.0603
Zimbabwe,ZWE,2020,1585.9728,8.621,0.54684746,61.53
Zimbabwe,ZWE,2021,1687.2532,9.54,0.6471251,60.1347
Zimbabwe,ZWE,2022,1703.5294,10.087,0.7612047,62.3601
